{
  "episode_rewards": [
    160.31035379677144,
    133.26371567897272,
    171.26167193784366,
    162.54543622135347,
    175.08843032187016,
    138.70262609433126,
    150.72627310286566,
    164.83373982394937,
    176.01037919378376,
    177.32499999999985,
    126.51905165925875,
    183.37499999999974,
    144.8625000000001,
    153.66072650267535,
    163.3888251982881,
    177.63750000000036,
    157.13478420829776,
    168.18827986721524,
    166.6949767524039,
    101.92931166478355,
    158.92485247685323,
    154.16982341904045,
    135.58908845696715,
    138.5256944050021,
    140.24400423528874,
    150.2932222892532,
    130.0830472929939,
    151.416259850701,
    166.49999999999977,
    181.0250000000004,
    140.27497051056423,
    167.14999999999964,
    183.04999999999976,
    145.75000000000009,
    149.984135416963,
    168.06249999999974,
    179.96250000000038,
    155.97609191267222,
    136.0392833030446,
    183.3452457586618,
    129.47632796909406,
    167.59238273351193,
    168.08715457728582,
    176.42500000000035,
    176.26249999999982,
    169.67499999999967,
    146.88866777734373,
    124.88840254567027,
    165.54999999999978,
    127.322326314346,
    149.4791502736968,
    160.01959197175862,
    128.44010905264307,
    180.5621884241555,
    116.98924178698094,
    167.9874999999998,
    148.0120514949973,
    167.40045095375166,
    145.62739102879675,
    156.25975040038878,
    145.2821089585069,
    129.45146129310314,
    145.75329541840483,
    165.2874999999998,
    150.29952464033002,
    170.68364855148815,
    131.07936980647327,
    168.96630119384304,
    113.2256125974587,
    146.2534971462573,
    164.63749999999976,
    144.98406167585154,
    156.73577936953626,
    170.57499999999962,
    183.44999999999976,
    142.81250000000009,
    166.61249999999976,
    140.21858811125585,
    171.3687785975517,
    175.26249999999987,
    161.94532973225628,
    173.9264398870703,
    139.73750000000013,
    165.42383118634882,
    161.20816686580415,
    149.91685762933577,
    174.57499999999982,
    158.0346416878298,
    178.223796959474,
    141.83750000000012,
    154.6741482260438,
    166.1249999999998,
    179.16250000000036,
    158.3794036127594,
    166.1249999999996,
    182.93749999999972,
    123.33558237178578,
    135.55500165907026,
    157.8447550118805,
    173.52487696517474
  ],
  "episode_lengths": [
    150,
    150,
    150,
    150,
    150,
    150,
    150,
    150,
    150,
    150,
    150,
    150,
    150,
    150,
    150,
    150,
    150,
    150,
    150,
    150,
    150,
    150,
    150,
    150,
    150,
    150,
    150,
    150,
    150,
    150,
    150,
    150,
    150,
    150,
    150,
    150,
    150,
    150,
    150,
    150,
    150,
    150,
    150,
    150,
    150,
    150,
    150,
    150,
    150,
    150,
    150,
    150,
    150,
    150,
    150,
    150,
    150,
    150,
    150,
    150,
    150,
    150,
    150,
    150,
    150,
    150,
    150,
    150,
    150,
    150,
    150,
    150,
    150,
    150,
    150,
    150,
    150,
    150,
    150,
    150,
    150,
    150,
    150,
    150,
    150,
    150,
    150,
    150,
    150,
    150,
    150,
    150,
    150,
    150,
    150,
    150,
    150,
    150,
    150,
    150
  ],
  "expert_agreements": [
    0.8333333333333334,
    0.8066666666666666,
    0.8866666666666667,
    0.84,
    0.84,
    0.8733333333333333,
    0.8066666666666666,
    0.88,
    0.8533333333333334,
    0.86,
    0.8333333333333334,
    0.8466666666666667,
    0.84,
    0.7933333333333333,
    0.86,
    0.84,
    0.8733333333333333,
    0.9266666666666666,
    0.84,
    0.9,
    0.8466666666666667,
    0.8333333333333334,
    0.8533333333333334,
    0.9066666666666666,
    0.86,
    0.8933333333333333,
    0.92,
    0.8866666666666667,
    0.8866666666666667,
    0.8666666666666667,
    0.9066666666666666,
    0.88,
    0.8733333333333333,
    0.8333333333333334,
    0.88,
    0.84,
    0.9,
    0.8866666666666667,
    0.86,
    0.9,
    0.8933333333333333,
    0.8466666666666667,
    0.8866666666666667,
    0.8533333333333334,
    0.8533333333333334,
    0.8733333333333333,
    0.8533333333333334,
    0.92,
    0.8533333333333334,
    0.84,
    0.8733333333333333,
    0.8933333333333333,
    0.9266666666666666,
    0.8866666666666667,
    0.8866666666666667,
    0.8933333333333333,
    0.8533333333333334,
    0.9,
    0.88,
    0.92,
    0.86,
    0.9066666666666666,
    0.92,
    0.94,
    0.86,
    0.92,
    0.8866666666666667,
    0.9333333333333333,
    0.9133333333333333,
    0.9266666666666666,
    0.9133333333333333,
    0.9066666666666666,
    0.92,
    0.8933333333333333,
    0.8866666666666667,
    0.8666666666666667,
    0.92,
    0.8866666666666667,
    0.9266666666666666,
    0.88,
    0.8733333333333333,
    0.9,
    0.9066666666666666,
    0.9133333333333333,
    0.9333333333333333,
    0.8933333333333333,
    0.8933333333333333,
    0.9,
    0.94,
    0.8866666666666667,
    0.8933333333333333,
    0.8666666666666667,
    0.8933333333333333,
    0.8666666666666667,
    0.9,
    0.9133333333333333,
    0.9266666666666666,
    0.86,
    0.8666666666666667,
    0.9533333333333334
  ],
  "safety_violations": [
    0,
    0,
    0,
    0,
    0,
    0,
    0,
    0,
    0,
    0,
    0,
    0,
    0,
    0,
    0,
    0,
    0,
    0,
    0,
    0,
    0,
    0,
    0,
    0,
    0,
    0,
    0,
    0,
    0,
    0,
    0,
    0,
    0,
    0,
    0,
    0,
    0,
    0,
    0,
    0,
    0,
    0,
    0,
    0,
    0,
    0,
    0,
    0,
    0,
    0,
    0,
    0,
    0,
    0,
    0,
    0,
    0,
    0,
    0,
    0,
    0,
    0,
    0,
    0,
    0,
    0,
    0,
    0,
    0,
    0,
    0,
    0,
    0,
    0,
    0,
    0,
    0,
    0,
    0,
    0,
    0,
    0,
    0,
    0,
    0,
    0,
    0,
    0,
    0,
    0,
    0,
    0,
    0,
    0,
    0,
    0,
    0,
    0,
    0,
    0
  ],
  "temperature_violations": [
    0,
    0,
    0,
    0,
    0,
    0,
    0,
    0,
    0,
    0,
    0,
    0,
    0,
    0,
    0,
    0,
    0,
    0,
    0,
    0,
    0,
    0,
    0,
    0,
    0,
    0,
    0,
    0,
    0,
    0,
    0,
    0,
    0,
    0,
    0,
    0,
    0,
    0,
    0,
    0,
    0,
    0,
    0,
    0,
    0,
    0,
    0,
    0,
    0,
    0,
    0,
    0,
    0,
    0,
    0,
    0,
    0,
    0,
    0,
    0,
    0,
    0,
    0,
    0,
    0,
    0,
    0,
    0,
    0,
    0,
    0,
    0,
    0,
    0,
    0,
    0,
    0,
    0,
    0,
    0,
    0,
    0,
    0,
    0,
    0,
    0,
    0,
    0,
    0,
    0,
    0,
    0,
    0,
    0,
    0,
    0,
    0,
    0,
    0,
    0
  ],
  "battery_violations": [
    0,
    0,
    0,
    0,
    0,
    0,
    0,
    0,
    0,
    0,
    0,
    0,
    0,
    0,
    0,
    0,
    0,
    0,
    0,
    0,
    0,
    0,
    0,
    0,
    0,
    0,
    0,
    0,
    0,
    0,
    0,
    0,
    0,
    0,
    0,
    0,
    0,
    0,
    0,
    0,
    0,
    0,
    0,
    0,
    0,
    0,
    0,
    0,
    0,
    0,
    0,
    0,
    0,
    0,
    0,
    0,
    0,
    0,
    0,
    0,
    0,
    0,
    0,
    0,
    0,
    0,
    0,
    0,
    0,
    0,
    0,
    0,
    0,
    0,
    0,
    0,
    0,
    0,
    0,
    0,
    0,
    0,
    0,
    0,
    0,
    0,
    0,
    0,
    0,
    0,
    0,
    0,
    0,
    0,
    0,
    0,
    0,
    0,
    0,
    0
  ],